{
  "coords": [
    [
      100.0,
      100.0
    ],
    [
      127.88535969157675,
      5.002151044533387
    ],
    [
      55.00586367382385,
      44.64214762976455
    ],
    [
      147.29424283280247,
      135.33989748458225
    ],
    [
      178.43591354096907,
      17.38776652588323
    ],
    [
      84.38436393705409,
      5.959443887614069
    ],
    [
      43.72759496072067,
      101.07105762067248
    ],
    [
      5.307193936772725,
      39.7675301373297
    ],
    [
      129.97688755590465,
      108.98829612064334
    ],
    [
      44.088124408139336,
      117.85313677518174
    ],
    [
      161.88609133556534,
      1.2997519356122034
    ],
    [
      161.16385036656158,
      139.62787899764538
    ],
    [
      68.05010330359838,
      31.09589996235631
    ],
    [
      191.44261444135623,
      67.31890902252535
    ],
    [
      18.54916867602958,
      19.3432753666928
    ],
    [
      169.49887326949195,
      120.74520627337822
    ]
  ],
  "meta": {
    "seed": 42,
    "n_customers": 15,
    "depot_index": 0
  }
}